{
  "Linear Regression": {
    "err_theta": {
      "RMSE": 0.0010888447209297849,
      "MAE": 0.00047627641023605024,
      "R2": 0.9935830443883449
    },
    "err_theta_dot": {
      "RMSE": 0.03337183690846586,
      "MAE": 0.024832029447340885,
      "R2": 0.5189001015320432
    },
    "mean": {
      "RMSE": 0.017230340814697823,
      "MAE": 0.012654152928788468,
      "R2": 0.7562415729601941
    }
  },
  "MLP": {
    "err_theta": {
      "RMSE": 0.0003465787592730193,
      "MAE": 0.0002362088103008488,
      "R2": 0.9993498687816982
    },
    "err_theta_dot": {
      "RMSE": 0.0024739293094620573,
      "MAE": 0.0009603109162012689,
      "R2": 0.9973560720740867
    },
    "mean": {
      "RMSE": 0.0014102540343675382,
      "MAE": 0.0005982598632510588,
      "R2": 0.9983529704278924
    }
  }
}